{
  "FilterHeaders": [
    {
      "Header": "user-agent",
      "IncludeInScript": false
    },
    {
      "Header": "upgrade-insecure-requests",
      "IncludeInScript": false
    },
    {
      "Header": "sec-fetch-user",
      "IncludeInScript": false
    },
    {
      "Header": "sec-fetch-site",
      "IncludeInScript": false
    },
    {
      "Header": "sec-fetch-mode",
      "IncludeInScript": false
    },
    {
      "Header": "sec-fetch-dest",
      "IncludeInScript": false
    },
    {
      "Header": "sec-ch-ua-platform",
      "IncludeInScript": false
    },
    {
      "Header": "sec-ch-ua-mobile",
      "IncludeInScript": false
    },
    {
      "Header": "sec-ch-ua",
      "IncludeInScript": false
    },
    {
      "Header": "pragma",
      "IncludeInScript": false
    },
    {
      "Header": "cache-control",
      "IncludeInScript": false
    },
    {
      "Header": "accept-language",
      "IncludeInScript": false
    },
    {
      "Header": "accept-encoding",
      "IncludeInScript": false
    },
    {
      "Header": "accept",
      "IncludeInScript": false
    }
  ],
  "FilterResources": [
    {
      "IsNonResource": true,
      "type": "text/html"
    },
    {
      "IsNonResource": false,
      "type": "text/css"
    }
  ],
  "GeneralInfo": {
    "BrowserVersion": "",
    "IsWinInetMode": false,
    "MaxUsedConnections": 2,
    "RecordedBrowser": "Chrome",
    "RecordingDate": "Jan-02-2024",
    "RecordingDuration": 21844,
    "RecordingMode": "N/A",
    "RecordingTimeStamp": 1704193183,
    "RecordingType": "Browser",
    "TotalBytesReceived": 7597,
    "TotalBytesSent": 2156,
    "TotalRequests": 4,
    "UserAgent": "Mozilla/5.0 (Windows NT 10.0; Win64; x64) AppleWebKit/537.36 (KHTML, like Gecko) Chrome/120.0.0.0 Safari/537.36"
  },
  "HostInfo": [
    {
      "DomainName": "octoperf.com",
      "Domains": [
        {
          "HTTPVersion": "HTTP/1.1",
          "IP": "49.12.128.248",
          "IncludeInScript": true,
          "Name": "petstore.octoperf.com",
          "Port": 443,
          "Requests": [
            {
              "CompressionType": "",
              "DataType": "text/html",
              "DownloadTime": 266,
              "EventId": 815,
              "HttpStatus": 404,
              "Size": 762,
              "URL": "https://petstore.octoperf.com/favicon.ico"
            },
            {
              "CompressionType": "",
              "DataType": "text/css",
              "DownloadTime": 281,
              "EventId": 810,
              "HttpStatus": 200,
              "Size": 5680,
              "URL": "https://petstore.octoperf.com/css/jpetstore.css"
            },
            {
              "CompressionType": "",
              "DataType": "text/html",
              "DownloadTime": 563,
              "EventId": 808,
              "HttpStatus": 200,
              "Size": 1155,
              "URL": "https://petstore.octoperf.com/"
            }
          ],
          "SSLCipher": "TLS_AES_256_GCM_SHA384",
          "SSLVersion": "TLS1.3"
        }
      ],
      "IncludeInScript": true
    },
    {
      "DomainName": "gstatic.com",
      "Domains": [
        {
          "HTTPVersion": "HTTP/1.1",
          "IP": "[2404:6800:4007:805::2003]",
          "IncludeInScript": true,
          "Name": "www.gstatic.com",
          "Port": 80,
          "Requests": [
            {
              "CompressionType": "",
              "DataType": "",
              "DownloadTime": 63,
              "EventId": 797,
              "HttpStatus": 204,
              "Size": 0,
              "URL": "http://www.gstatic.com/generate_204"
            }
          ],
          "SSLCipher": "None",
          "SSLVersion": "None"
        }
      ],
      "IncludeInScript": true
    }
  ],
  "WebSocket": {
    "IncludeInScript": false,
    "IsScriptIncludeWebSocket": false
  },
  "NumberOfCorrelations": 0
}