{
  "FilterHeaders": [
    {
      "Header": "user-agent",
      "IncludeInScript": false
    },
    {
      "Header": "upgrade-insecure-requests",
      "IncludeInScript": false
    },
    {
      "Header": "sec-fetch-user",
      "IncludeInScript": false
    },
    {
      "Header": "sec-fetch-site",
      "IncludeInScript": false
    },
    {
      "Header": "sec-fetch-mode",
      "IncludeInScript": false
    },
    {
      "Header": "sec-fetch-dest",
      "IncludeInScript": false
    },
    {
      "Header": "sec-ch-ua-platform",
      "IncludeInScript": false
    },
    {
      "Header": "sec-ch-ua-mobile",
      "IncludeInScript": false
    },
    {
      "Header": "sec-ch-ua",
      "IncludeInScript": false
    },
    {
      "Header": "accept-language",
      "IncludeInScript": false
    },
    {
      "Header": "accept-encoding",
      "IncludeInScript": false
    },
    {
      "Header": "accept",
      "IncludeInScript": false
    }
  ],
  "FilterResources": [
    {
      "IsNonResource": true,
      "type": "text/html"
    },
    {
      "IsNonResource": false,
      "type": "text/css"
    },
    {
      "IsNonResource": false,
      "type": "image/x-icon"
    },
    {
      "IsNonResource": false,
      "type": "image/png"
    },
    {
      "IsNonResource": false,
      "type": "image/jpeg"
    },
    {
      "IsNonResource": false,
      "type": "image/gif"
    },
    {
      "IsNonResource": false,
      "type": "application/x-javascript"
    }
  ],
  "GeneralInfo": {
    "BrowserVersion": "",
    "IsWinInetMode": false,
    "MaxUsedConnections": 6,
    "RecordedBrowser": "Chrome",
    "RecordingDate": "Jan-02-2024",
    "RecordingDuration": 20078,
    "RecordingMode": "N/A",
    "RecordingTimeStamp": 1704176704,
    "RecordingType": "Browser",
    "TotalBytesReceived": 689126,
    "TotalBytesSent": 29159,
    "TotalRequests": 34,
    "UserAgent": "Mozilla/5.0 (Windows NT 10.0; Win64; x64) AppleWebKit/537.36 (KHTML, like Gecko) Chrome/120.0.0.0 Safari/537.36"
  },
  "HostInfo": [
    {
      "DomainName": "tricentis.com",
      "Domains": [
        {
          "HTTPVersion": "HTTP/1.1",
          "IP": "52.174.3.80",
          "IncludeInScript": true,
          "Name": "demowebshop.tricentis.com",
          "Port": 443,
          "Requests": [
            {
              "CompressionType": "gzip",
              "DataType": "text/html",
              "DownloadTime": 375,
              "EventId": 596,
              "HttpStatus": 200,
              "Size": 5732,
              "URL": "https://demowebshop.tricentis.com/login"
            },
            {
              "CompressionType": "",
              "DataType": "image/png",
              "DownloadTime": 203,
              "EventId": 594,
              "HttpStatus": 200,
              "Size": 182,
              "URL": "https://demowebshop.tricentis.com/Themes/DefaultClean/Content/images/top-menu-triangle.png"
            },
            {
              "CompressionType": "",
              "DataType": "image/x-icon",
              "DownloadTime": 219,
              "EventId": 588,
              "HttpStatus": 200,
              "Size": 1150,
              "URL": "https://demowebshop.tricentis.com/favicon.ico"
            },
            {
              "CompressionType": "",
              "DataType": "image/png",
              "DownloadTime": 219,
              "EventId": 586,
              "HttpStatus": 200,
              "Size": 824,
              "URL": "https://demowebshop.tricentis.com/Plugins/Widgets.NivoSlider/Content/nivoslider/themes/default/arrows.png"
            },
            {
              "CompressionType": "",
              "DataType": "image/png",
              "DownloadTime": 203,
              "EventId": 584,
              "HttpStatus": 200,
              "Size": 1281,
              "URL": "https://demowebshop.tricentis.com/Plugins/Widgets.NivoSlider/Content/nivoslider/themes/default/bullets.png"
            },
            {
              "CompressionType": "",
              "DataType": "image/jpeg",
              "DownloadTime": 250,
              "EventId": 579,
              "HttpStatus": 200,
              "Size": 3659,
              "URL": "https://demowebshop.tricentis.com/content/images/thumbs/0000204_simple-computer_125.jpeg"
            },
            {
              "CompressionType": "",
              "DataType": "image/png",
              "DownloadTime": 219,
              "EventId": 577,
              "HttpStatus": 200,
              "Size": 208,
              "URL": "https://demowebshop.tricentis.com/Content/jquery-ui-themes/smoothness/images/ui-bg_flat_75_ffffff_40x100.png"
            },
            {
              "CompressionType": "",
              "DataType": "image/jpeg",
              "DownloadTime": 218,
              "EventId": 573,
              "HttpStatus": 200,
              "Size": 3659,
              "URL": "https://demowebshop.tricentis.com/content/images/thumbs/0000201_build-your-own-expensive-computer_125.jpeg"
            },
            {
              "CompressionType": "",
              "DataType": "image/jpeg",
              "DownloadTime": 219,
              "EventId": 571,
              "HttpStatus": 200,
              "Size": 3674,
              "URL": "https://demowebshop.tricentis.com/content/images/thumbs/0000031_build-your-own-computer_125.jpeg"
            },
            {
              "CompressionType": "",
              "DataType": "image/jpeg",
              "DownloadTime": 235,
              "EventId": 568,
              "HttpStatus": 200,
              "Size": 3661,
              "URL": "https://demowebshop.tricentis.com/content/images/thumbs/0000172_build-your-own-cheap-computer_125.jpeg"
            },
            {
              "CompressionType": "",
              "DataType": "image/png",
              "DownloadTime": 234,
              "EventId": 566,
              "HttpStatus": 200,
              "Size": 685,
              "URL": "https://demowebshop.tricentis.com/Themes/DefaultClean/Content/images/star-x-inactive.png"
            },
            {
              "CompressionType": "",
              "DataType": "image/png",
              "DownloadTime": 218,
              "EventId": 564,
              "HttpStatus": 200,
              "Size": 631,
              "URL": "https://demowebshop.tricentis.com/Themes/DefaultClean/Content/images/star-x-active.png"
            },
            {
              "CompressionType": "",
              "DataType": "image/gif",
              "DownloadTime": 454,
              "EventId": 500,
              "HttpStatus": 200,
              "Size": 1737,
              "URL": "https://demowebshop.tricentis.com/Plugins/Widgets.NivoSlider/Content/nivoslider/themes/default/loading.gif"
            },
            {
              "CompressionType": "",
              "DataType": "image/gif",
              "DownloadTime": 453,
              "EventId": 496,
              "HttpStatus": 200,
              "Size": 58,
              "URL": "https://demowebshop.tricentis.com/Themes/DefaultClean/Content/images/bullet-right.gif"
            },
            {
              "CompressionType": "",
              "DataType": "image/png",
              "DownloadTime": 203,
              "EventId": 464,
              "HttpStatus": 200,
              "Size": 927,
              "URL": "https://demowebshop.tricentis.com/Themes/DefaultClean/Content/images/top-menu-divider.png"
            },
            {
              "CompressionType": "",
              "DataType": "image/png",
              "DownloadTime": 250,
              "EventId": 434,
              "HttpStatus": 200,
              "Size": 7335,
              "URL": "https://demowebshop.tricentis.com/content/images/thumbs/0000224_141-inch-laptop_125.png"
            },
            {
              "CompressionType": "",
              "DataType": "image/png",
              "DownloadTime": 234,
              "EventId": 432,
              "HttpStatus": 200,
              "Size": 440464,
              "URL": "https://demowebshop.tricentis.com/content/images/thumbs/0000240.png"
            },
            {
              "CompressionType": "",
              "DataType": "image/jpeg",
              "DownloadTime": 219,
              "EventId": 430,
              "HttpStatus": 200,
              "Size": 2785,
              "URL": "https://demowebshop.tricentis.com/content/images/thumbs/0000015_25-virtual-gift-card_125.jpeg"
            },
            {
              "CompressionType": "",
              "DataType": "image/png",
              "DownloadTime": 235,
              "EventId": 422,
              "HttpStatus": 200,
              "Size": 7188,
              "URL": "https://demowebshop.tricentis.com/Themes/DefaultClean/Content/images/logo.png"
            },
            {
              "CompressionType": "",
              "DataType": "image/png",
              "DownloadTime": 219,
              "EventId": 419,
              "HttpStatus": 200,
              "Size": 55470,
              "URL": "https://demowebshop.tricentis.com/content/images/thumbs/0000215.png"
            },
            {
              "CompressionType": "gzip",
              "DataType": "application/x-javascript",
              "DownloadTime": 297,
              "EventId": 404,
              "HttpStatus": 200,
              "Size": 4784,
              "URL": "https://demowebshop.tricentis.com/Plugins/Widgets.NivoSlider/Scripts/jquery.nivo.slider.js"
            },
            {
              "CompressionType": "gzip",
              "DataType": "application/x-javascript",
              "DownloadTime": 360,
              "EventId": 401,
              "HttpStatus": 200,
              "Size": 956,
              "URL": "https://demowebshop.tricentis.com/Scripts/public.common.js"
            },
            {
              "CompressionType": "gzip",
              "DataType": "application/x-javascript",
              "DownloadTime": 281,
              "EventId": 399,
              "HttpStatus": 200,
              "Size": 817,
              "URL": "https://demowebshop.tricentis.com/Scripts/public.ajaxcart.js"
            },
            {
              "CompressionType": "gzip",
              "DataType": "application/x-javascript",
              "DownloadTime": 250,
              "EventId": 393,
              "HttpStatus": 200,
              "Size": 60492,
              "URL": "https://demowebshop.tricentis.com/Scripts/jquery-ui-1.10.3.custom.min.js"
            },
            {
              "CompressionType": "gzip",
              "DataType": "application/x-javascript",
              "DownloadTime": 218,
              "EventId": 391,
              "HttpStatus": 200,
              "Size": 3072,
              "URL": "https://demowebshop.tricentis.com/Scripts/jquery-migrate-1.2.1.min.js"
            },
            {
              "CompressionType": "gzip",
              "DataType": "application/x-javascript",
              "DownloadTime": 219,
              "EventId": 389,
              "HttpStatus": 200,
              "Size": 2302,
              "URL": "https://demowebshop.tricentis.com/Scripts/jquery.validate.unobtrusive.min.js"
            },
            {
              "CompressionType": "gzip",
              "DataType": "application/x-javascript",
              "DownloadTime": 250,
              "EventId": 386,
              "HttpStatus": 200,
              "Size": 6796,
              "URL": "https://demowebshop.tricentis.com/Scripts/jquery.validate.min.js"
            },
            {
              "CompressionType": "gzip",
              "DataType": "application/x-javascript",
              "DownloadTime": 250,
              "EventId": 374,
              "HttpStatus": 200,
              "Size": 33422,
              "URL": "https://demowebshop.tricentis.com/Scripts/jquery-1.10.2.min.js"
            },
            {
              "CompressionType": "gzip",
              "DataType": "text/css",
              "DownloadTime": 234,
              "EventId": 372,
              "HttpStatus": 200,
              "Size": 912,
              "URL": "https://demowebshop.tricentis.com/Plugins/Widgets.NivoSlider/Content/nivoslider/themes/default/default.css"
            },
            {
              "CompressionType": "gzip",
              "DataType": "text/css",
              "DownloadTime": 250,
              "EventId": 370,
              "HttpStatus": 200,
              "Size": 1016,
              "URL": "https://demowebshop.tricentis.com/Plugins/Widgets.NivoSlider/Content/nivoslider/nivo-slider.css"
            },
            {
              "CompressionType": "gzip",
              "DataType": "text/css",
              "DownloadTime": 281,
              "EventId": 366,
              "HttpStatus": 200,
              "Size": 5287,
              "URL": "https://demowebshop.tricentis.com/Content/jquery-ui-themes/smoothness/jquery-ui-1.10.3.custom.min.css"
            },
            {
              "CompressionType": "gzip",
              "DataType": "text/css",
              "DownloadTime": 265,
              "EventId": 364,
              "HttpStatus": 200,
              "Size": 4274,
              "URL": "https://demowebshop.tricentis.com/Themes/DefaultClean/Content/responsive.css"
            },
            {
              "CompressionType": "gzip",
              "DataType": "text/css",
              "DownloadTime": 234,
              "EventId": 345,
              "HttpStatus": 200,
              "Size": 16116,
              "URL": "https://demowebshop.tricentis.com/Themes/DefaultClean/Content/styles.css"
            },
            {
              "CompressionType": "gzip",
              "DataType": "text/html",
              "DownloadTime": 453,
              "EventId": 337,
              "HttpStatus": 200,
              "Size": 7570,
              "URL": "https://demowebshop.tricentis.com/"
            }
          ],
          "SSLCipher": "ECDHE-RSA-AES256-GCM-SHA384",
          "SSLVersion": "TLS1.2"
        }
      ],
      "IncludeInScript": true
    }
  ],
  "WebSocket": {
    "IncludeInScript": false,
    "IsScriptIncludeWebSocket": false
  },
  "NumberOfCorrelations": 0
}