{
  "FilterHeaders": [
    {
      "Header": "user-agent",
      "IncludeInScript": false
    },
    {
      "Header": "upgrade-insecure-requests",
      "IncludeInScript": false
    },
    {
      "Header": "sec-fetch-user",
      "IncludeInScript": false
    },
    {
      "Header": "sec-fetch-site",
      "IncludeInScript": false
    },
    {
      "Header": "sec-fetch-mode",
      "IncludeInScript": false
    },
    {
      "Header": "sec-fetch-dest",
      "IncludeInScript": false
    },
    {
      "Header": "sec-ch-ua-platform",
      "IncludeInScript": false
    },
    {
      "Header": "sec-ch-ua-mobile",
      "IncludeInScript": false
    },
    {
      "Header": "sec-ch-ua",
      "IncludeInScript": false
    },
    {
      "Header": "origin",
      "IncludeInScript": false
    },
    {
      "Header": "cache-control",
      "IncludeInScript": false
    },
    {
      "Header": "accept-language",
      "IncludeInScript": false
    },
    {
      "Header": "accept-encoding",
      "IncludeInScript": false
    },
    {
      "Header": "accept",
      "IncludeInScript": false
    }
  ],
  "FilterResources": [
    {
      "IsNonResource": true,
      "type": "text/html"
    },
    {
      "IsNonResource": false,
      "type": "text/css"
    },
    {
      "IsNonResource": false,
      "type": "image/vnd.microsoft.icon"
    },
    {
      "IsNonResource": false,
      "type": "application/javascript"
    }
  ],
  "GeneralInfo": {
    "BrowserVersion": "",
    "IsWinInetMode": false,
    "MaxUsedConnections": 3,
    "RecordedBrowser": "Chrome",
    "RecordingDate": "Jan-04-2024",
    "RecordingDuration": 47796,
    "RecordingMode": "N/A",
    "RecordingTimeStamp": 1704334241,
    "RecordingType": "Browser",
    "TotalBytesReceived": 41452,
    "TotalBytesSent": 4271,
    "TotalRequests": 7,
    "UserAgent": "Mozilla/5.0 (Windows NT 10.0; Win64; x64) AppleWebKit/537.36 (KHTML, like Gecko) Chrome/120.0.0.0 Safari/537.36"
  },
  "HostInfo": [
    {
      "DomainName": "blazedemo.com",
      "Domains": [
        {
          "HTTPVersion": "HTTP/1.1",
          "IP": "[2001:4860:4802:32::15]",
          "IncludeInScript": true,
          "Name": "blazedemo.com",
          "Port": 443,
          "Requests": [
            {
              "CompressionType": "gzip",
              "DataType": "text/html",
              "DownloadTime": 5812,
              "EventId": 190,
              "HttpStatus": 200,
              "Size": 1913,
              "URL": "https://blazedemo.com/reserve.php"
            },
            {
              "CompressionType": "",
              "DataType": "image/vnd.microsoft.icon",
              "DownloadTime": 781,
              "EventId": 188,
              "HttpStatus": 200,
              "Size": 0,
              "URL": "https://blazedemo.com/favicon.ico"
            },
            {
              "CompressionType": "gzip",
              "DataType": "application/javascript",
              "DownloadTime": 390,
              "EventId": 176,
              "HttpStatus": 200,
              "Size": 8241,
              "URL": "https://blazedemo.com/assets/bootstrap-table.js"
            },
            {
              "CompressionType": "gzip",
              "DataType": "text/css",
              "DownloadTime": 360,
              "EventId": 160,
              "HttpStatus": 200,
              "Size": 1008,
              "URL": "https://blazedemo.com/assets/bootstrap-table.css"
            },
            {
              "CompressionType": "gzip",
              "DataType": "text/css",
              "DownloadTime": 391,
              "EventId": 152,
              "HttpStatus": 200,
              "Size": 20845,
              "URL": "https://blazedemo.com/assets/bootstrap.min.css"
            },
            {
              "CompressionType": "gzip",
              "DataType": "application/javascript",
              "DownloadTime": 359,
              "EventId": 140,
              "HttpStatus": 200,
              "Size": 7611,
              "URL": "https://blazedemo.com/assets/bootstrap.min.js"
            },
            {
              "CompressionType": "gzip",
              "DataType": "text/html",
              "DownloadTime": 718,
              "EventId": 129,
              "HttpStatus": 200,
              "Size": 1834,
              "URL": "https://blazedemo.com/"
            }
          ],
          "SSLCipher": "TLS_AES_256_GCM_SHA384",
          "SSLVersion": "TLS1.3"
        }
      ],
      "IncludeInScript": true
    }
  ],
  "WebSocket": {
    "IncludeInScript": false,
    "IsScriptIncludeWebSocket": false
  },
  "NumberOfCorrelations": 0
}