{"productId":29,"categoryId":5,"productName":"HP USB 3 Button Optical Mouse","price":9.99,"description":"Smooth and Accurate - The HP USB 3-Button Optical Mouse is the affordable desktop optical mouse solution that combines functionality with style","imageUrl":"5400","attributes":[{"attributeName":"TYPE","attributeValue":"Mouse"},{"attributeName":"SENSOR RESOLUTION","attributeValue":"1000 dpi optical sensor"},{"attributeName":"MANUFACTURER","attributeValue":"HP"},{"attributeName":"SCROLLER TYPE","attributeValue":"Scroll Whell"},{"attributeName":"CONNECTOR","attributeValue":"USB Cord"}],"colors":[{"code":"414141","name":"BLACK","inStock":10}],"images":["414141##5400"],"productStatus":"Active"}