<SOAP-ENV:Envelope xmlns:SOAP-ENV="http://schemas.xmlsoap.org/soap/envelope/"><SOAP-ENV:Header/><SOAP-ENV:Body><ns2:GetAccountByIdNewResponse xmlns:ns2="com.advantage.online.store.accountservice"><ns2:AccountResponse><ns2:id>655606527</ns2:id><ns2:lastName>name</ns2:lastName><ns2:firstName>user</ns2:firstName><ns2:loginName>demouser2</ns2:loginName><ns2:accountType>20</ns2:accountType><ns2:countryId>92</ns2:countryId><ns2:countryName>India</ns2:countryName><ns2:countryIsoName>in</ns2:countryIsoName><ns2:stateProvince>telangana</ns2:stateProvince><ns2:cityName>hyderabad</ns2:cityName><ns2:homeAddress>abc</ns2:homeAddress><ns2:zipcode>12345</ns2:zipcode><ns2:mobilePhone>1234567890</ns2:mobilePhone><ns2:email>demouser2@gmail.com</ns2:email><ns2:defaultPaymentMethodId>0</ns2:defaultPaymentMethodId><ns2:allowOffersPromotion>true</ns2:allowOffersPromotion><ns2:internalUnsuccessfulLoginAttempts>0</ns2:internalUnsuccessfulLoginAttempts><ns2:internalUserBlockedFromLoginUntil>0</ns2:internalUserBlockedFromLoginUntil><ns2:internalLastSuccesssulLogin>0</ns2:internalLastSuccesssulLogin><ns2:aobUser>false</ns2:aobUser></ns2:AccountResponse></ns2:GetAccountByIdNewResponse></SOAP-ENV:Body></SOAP-ENV:Envelope>