{
  "FilterHeaders": [
    {
      "Header": "user-agent",
      "IncludeInScript": false
    },
    {
      "Header": "upgrade-insecure-requests",
      "IncludeInScript": false
    },
    {
      "Header": "sec-fetch-user",
      "IncludeInScript": false
    },
    {
      "Header": "sec-fetch-site",
      "IncludeInScript": false
    },
    {
      "Header": "sec-fetch-mode",
      "IncludeInScript": false
    },
    {
      "Header": "sec-fetch-dest",
      "IncludeInScript": false
    },
    {
      "Header": "sec-ch-ua-platform",
      "IncludeInScript": false
    },
    {
      "Header": "sec-ch-ua-mobile",
      "IncludeInScript": false
    },
    {
      "Header": "sec-ch-ua",
      "IncludeInScript": false
    },
    {
      "Header": "if-none-match",
      "IncludeInScript": false
    },
    {
      "Header": "accept-language",
      "IncludeInScript": false
    },
    {
      "Header": "accept-encoding",
      "IncludeInScript": false
    },
    {
      "Header": "accept",
      "IncludeInScript": false
    },
    {
      "Header": "a-im",
      "IncludeInScript": false
    }
  ],
  "FilterResources": [
    {
      "IsNonResource": true,
      "type": "text/html"
    },
    {
      "IsNonResource": false,
      "type": "text/css"
    },
    {
      "IsNonResource": false,
      "type": "image/gif"
    }
  ],
  "GeneralInfo": {
    "BrowserVersion": "",
    "IsWinInetMode": false,
    "MaxUsedConnections": 8,
    "RecordedBrowser": "Chrome",
    "RecordingDate": "Jan-02-2024",
    "RecordingDuration": 30297,
    "RecordingMode": "N/A",
    "RecordingTimeStamp": 1704178779,
    "RecordingType": "Browser",
    "TotalBytesReceived": 71768,
    "TotalBytesSent": 16089,
    "TotalRequests": 23,
    "UserAgent": "Mozilla/5.0 (Windows NT 10.0; Win64; x64) AppleWebKit/537.36 (KHTML, like Gecko) Chrome/120.0.0.0 Safari/537.36"
  },
  "HostInfo": [
    {
      "DomainName": "octoperf.com",
      "Domains": [
        {
          "HTTPVersion": "HTTP/1.1",
          "IP": "49.12.128.248",
          "IncludeInScript": true,
          "Name": "petstore.octoperf.com",
          "Port": 443,
          "Requests": [
            {
              "CompressionType": "",
              "DataType": "text/html",
              "DownloadTime": 265,
              "EventId": 350,
              "HttpStatus": 200,
              "Size": 3751,
              "URL": "https://petstore.octoperf.com/actions/Order.action?newOrderForm="
            },
            {
              "CompressionType": "",
              "DataType": "text/html",
              "DownloadTime": 266,
              "EventId": 341,
              "HttpStatus": 200,
              "Size": 4192,
              "URL": "https://petstore.octoperf.com/actions/Cart.action?addItemToCart=&workingItemId=EST-1"
            },
            {
              "CompressionType": "",
              "DataType": "text/html",
              "DownloadTime": 234,
              "EventId": 337,
              "HttpStatus": 200,
              "Size": 3635,
              "URL": "https://petstore.octoperf.com/actions/Catalog.action?viewProduct=&productId=FI-SW-01"
            },
            {
              "CompressionType": "",
              "DataType": "text/html",
              "DownloadTime": 218,
              "EventId": 332,
              "HttpStatus": 200,
              "Size": 3457,
              "URL": "https://petstore.octoperf.com/actions/Catalog.action;jsessionid=CFA31EF75C96D0D7734ABF3D491CA19B?viewCategory=&categoryId=FISH"
            },
            {
              "CompressionType": "",
              "DataType": "image/gif",
              "DownloadTime": 484,
              "EventId": 326,
              "HttpStatus": 200,
              "Size": 306,
              "URL": "https://petstore.octoperf.com/images/sm_dogs.gif"
            },
            {
              "CompressionType": "",
              "DataType": "image/gif",
              "DownloadTime": 234,
              "EventId": 323,
              "HttpStatus": 200,
              "Size": 398,
              "URL": "https://petstore.octoperf.com/images/sm_reptiles.gif"
            },
            {
              "CompressionType": "",
              "DataType": "image/gif",
              "DownloadTime": 234,
              "EventId": 321,
              "HttpStatus": 200,
              "Size": 669,
              "URL": "https://petstore.octoperf.com/images/reptiles_icon.gif"
            },
            {
              "CompressionType": "",
              "DataType": "image/gif",
              "DownloadTime": 422,
              "EventId": 315,
              "HttpStatus": 200,
              "Size": 251,
              "URL": "https://petstore.octoperf.com/images/sm_birds.gif"
            },
            {
              "CompressionType": "",
              "DataType": "image/gif",
              "DownloadTime": 235,
              "EventId": 309,
              "HttpStatus": 200,
              "Size": 36097,
              "URL": "https://petstore.octoperf.com/images/splash.gif"
            },
            {
              "CompressionType": "",
              "DataType": "image/gif",
              "DownloadTime": 219,
              "EventId": 307,
              "HttpStatus": 200,
              "Size": 408,
              "URL": "https://petstore.octoperf.com/images/cats_icon.gif"
            },
            {
              "CompressionType": "",
              "DataType": "image/gif",
              "DownloadTime": 203,
              "EventId": 305,
              "HttpStatus": 200,
              "Size": 468,
              "URL": "https://petstore.octoperf.com/images/dogs_icon.gif"
            },
            {
              "CompressionType": "",
              "DataType": "image/gif",
              "DownloadTime": 203,
              "EventId": 303,
              "HttpStatus": 200,
              "Size": 439,
              "URL": "https://petstore.octoperf.com/images/fish_icon.gif"
            },
            {
              "CompressionType": "",
              "DataType": "image/gif",
              "DownloadTime": 219,
              "EventId": 301,
              "HttpStatus": 200,
              "Size": 471,
              "URL": "https://petstore.octoperf.com/images/birds_icon.gif"
            },
            {
              "CompressionType": "",
              "DataType": "image/gif",
              "DownloadTime": 344,
              "EventId": 294,
              "HttpStatus": 200,
              "Size": 289,
              "URL": "https://petstore.octoperf.com/images/sm_cats.gif"
            },
            {
              "CompressionType": "",
              "DataType": "image/gif",
              "DownloadTime": 297,
              "EventId": 292,
              "HttpStatus": 200,
              "Size": 46,
              "URL": "https://petstore.octoperf.com/images/separator.gif"
            },
            {
              "CompressionType": "",
              "DataType": "image/gif",
              "DownloadTime": 203,
              "EventId": 290,
              "HttpStatus": 200,
              "Size": 96,
              "URL": "https://petstore.octoperf.com/images/cart.gif"
            },
            {
              "CompressionType": "",
              "DataType": "image/gif",
              "DownloadTime": 188,
              "EventId": 288,
              "HttpStatus": 200,
              "Size": 271,
              "URL": "https://petstore.octoperf.com/images/sm_fish.gif"
            },
            {
              "CompressionType": "",
              "DataType": "image/gif",
              "DownloadTime": 218,
              "EventId": 272,
              "HttpStatus": 200,
              "Size": 3808,
              "URL": "https://petstore.octoperf.com/images/logo-topbar.gif"
            },
            {
              "CompressionType": "",
              "DataType": "text/html",
              "DownloadTime": 218,
              "EventId": 265,
              "HttpStatus": 200,
              "Size": 5119,
              "URL": "https://petstore.octoperf.com/actions/Catalog.action"
            },
            {
              "CompressionType": "",
              "DataType": "text/html",
              "DownloadTime": 219,
              "EventId": 263,
              "HttpStatus": 404,
              "Size": 762,
              "URL": "https://petstore.octoperf.com/favicon.ico"
            },
            {
              "CompressionType": "",
              "DataType": "text/css",
              "DownloadTime": 234,
              "EventId": 259,
              "HttpStatus": 200,
              "Size": 5680,
              "URL": "https://petstore.octoperf.com/css/jpetstore.css"
            },
            {
              "CompressionType": "",
              "DataType": "text/html",
              "DownloadTime": 234,
              "EventId": 251,
              "HttpStatus": 200,
              "Size": 1155,
              "URL": "https://petstore.octoperf.com/"
            }
          ],
          "SSLCipher": "",
          "SSLVersion": ""
        }
      ],
      "IncludeInScript": true
    },
    {
      "DomainName": "googleapis.com",
      "Domains": [
        {
          "HTTPVersion": "HTTP/1.1",
          "IP": "[2404:6800:4007:82b::2003]",
          "IncludeInScript": true,
          "Name": "clientservices.googleapis.com",
          "Port": 443,
          "Requests": [
            {
              "CompressionType": "",
              "DataType": "",
              "DownloadTime": 266,
              "EventId": 247,
              "HttpStatus": 304,
              "Size": 0,
              "URL": "https://clientservices.googleapis.com/chrome-variations/seed?osname=win&channel=stable&milestone=120"
            }
          ],
          "SSLCipher": "TLS_AES_256_GCM_SHA384",
          "SSLVersion": "TLS1.3"
        }
      ],
      "IncludeInScript": true
    }
  ],
  "WebSocket": {
    "IncludeInScript": false,
    "IsScriptIncludeWebSocket": false
  },
  "NumberOfCorrelations": 1
}