{
  "FilterHeaders": [
    {
      "Header": "user-agent",
      "IncludeInScript": false
    },
    {
      "Header": "sec-fetch-site",
      "IncludeInScript": false
    },
    {
      "Header": "sec-fetch-mode",
      "IncludeInScript": false
    },
    {
      "Header": "sec-fetch-dest",
      "IncludeInScript": false
    },
    {
      "Header": "pragma",
      "IncludeInScript": false
    },
    {
      "Header": "if-none-match",
      "IncludeInScript": false
    },
    {
      "Header": "cache-control",
      "IncludeInScript": false
    },
    {
      "Header": "accept-language",
      "IncludeInScript": false
    },
    {
      "Header": "accept-encoding",
      "IncludeInScript": false
    },
    {
      "Header": "a-im",
      "IncludeInScript": false
    }
  ],
  "GeneralInfo": {
    "BrowserVersion": "",
    "IsWinInetMode": false,
    "MaxUsedConnections": 2,
    "RecordedBrowser": "Chrome",
    "RecordingDate": "Jan-02-2024",
    "RecordingDuration": 7438,
    "RecordingMode": "N/A",
    "RecordingTimeStamp": 1704194798,
    "RecordingType": "Browser",
    "TotalBytesReceived": 0,
    "TotalBytesSent": 779,
    "TotalRequests": 2,
    "UserAgent": "Mozilla/5.0 (Windows NT 10.0; Win64; x64) AppleWebKit/537.36 (KHTML, like Gecko) Chrome/120.0.0.0 Safari/537.36"
  },
  "HostInfo": [
    {
      "DomainName": "gstatic.com",
      "Domains": [
        {
          "HTTPVersion": "HTTP/1.1",
          "IP": "[2404:6800:4007:81b::2003]",
          "IncludeInScript": true,
          "Name": "www.gstatic.com",
          "Port": 80,
          "Requests": [
            {
              "CompressionType": "",
              "DataType": "",
              "DownloadTime": 172,
              "EventId": 25,
              "HttpStatus": 204,
              "Size": 0,
              "URL": "http://www.gstatic.com/generate_204"
            }
          ],
          "SSLCipher": "None",
          "SSLVersion": "None"
        }
      ],
      "IncludeInScript": true
    },
    {
      "DomainName": "googleapis.com",
      "Domains": [
        {
          "HTTPVersion": "HTTP/1.1",
          "IP": "[2404:6800:4007:82a::2003]",
          "IncludeInScript": true,
          "Name": "clientservices.googleapis.com",
          "Port": 443,
          "Requests": [
            {
              "CompressionType": "",
              "DataType": "",
              "DownloadTime": 266,
              "EventId": 18,
              "HttpStatus": 304,
              "Size": 0,
              "URL": "https://clientservices.googleapis.com/chrome-variations/seed?osname=win&channel=stable&milestone=120"
            }
          ],
          "SSLCipher": "TLS_AES_256_GCM_SHA384",
          "SSLVersion": "TLS1.3"
        }
      ],
      "IncludeInScript": true
    }
  ],
  "WebSocket": {
    "IncludeInScript": false,
    "IsScriptIncludeWebSocket": false
  },
  "NumberOfCorrelations": 0
}